ID,CID,DATE,TIME
1,QmQUjmGfhLx9bYvCwKzfFgPnCeAqoBK4siUpbpmF1mzaUX,24/8/2024, 11:26:28 am
1,QmbSXqMAjcmwVtC17kThCisATYPKDNUaCAZwPjFayQvFFa,24/8/2024, 11:26:28 am
1,QmcWx95khSPg4rKb2Khm2fW18bnQC8j9m1fS8wBq8DksML,24/8/2024, 11:26:28 am
1,Qmc1ya7EpAWt9QbM825axVHvs39v64YBBeng2sRe4RUeVr,24/8/2024, 11:26:28 am
1,QmSo3iN6viwVVyHeVME2mUFcPmApDNXQXJEkXCTGANvwrA,24/8/2024, 11:26:28 am
1,QmWsqYXDXww5gLsC2VL23MUsEFG4DL6MYPXqgoUEQrYFTf,24/8/2024, 11:26:28 am
1,Qmc1ya7EpAWt9QbM825axVHvs39v64YBBeng2sRe4RUeVr,24/8/2024, 11:26:28 am
1,QmNLqzsv7QCUrc2suDLR77W5euguesp466BB1CTDNMoahU,24/8/2024, 11:26:28 am
1,QmV2Hq9cgpFz6Apd4s5y4reHRkgbHnQzoCHaZEJggL9ynN,24/8/2024, 11:26:28 am
1,QmYU7xNcU7r183zX5DMd588PQhTAtupv62jJ7kio4Zjcbo,24/8/2024, 11:26:28 am
1,QmTtZJasdmrArrD4xJx8bidfpR2R9LGFwgAkVjCCTbVM7J,24/8/2024, 11:26:28 am
1,QmarX9RGM7Q37ei6iiE5tt2c4ExW1tEZJQwmK86fPHMkGW,24/8/2024, 11:38:48 am